insert into Doctors (DoctorId, DoctorName, DoctorSpecialization, DoctorExperience)
values (0, 'Лебедев Никита Ильич', 'Терапевт', '10 year'),
       (1, 'Беляев Демид Каримович', 'Педиатр, массажист', '5 year'),
       (2, 'Овсянникова Наталья Тимуровна', 'Офтальмолог', '3 year'),
       (3, 'Соловьев Артём Владимирович', 'Стоматолог', '6 year'),
       (4, 'Кондратьева Юлия Данииловна', 'Онколог', '11 year'),
       (5, 'Игнатьева Варвара Всеволодовна', 'Акушер-гинеколог', '2 year');

insert into Hospitals (HospitalId, HospitalAddress, HospitalPhoneNumber, HospitalRating)
values (0, 'Автобусная ул., 5Б', '+78125198643', 4.9),
       (1, 'Жени Егоровой ул., 1', '+78123650985', 3.1 ),
       (2, 'Жилой Городок, 4', '+78127754853', 5.0),
       (3, 'Литейный пр., 56Б', '+78120236176', 4.1);

insert into Patients (PatientId, PatientFullName, PatientBirthday, PatientPhoneNumber, MainHospitalId)
values (0, 'Попова Александра Львовна', '1999-01-18 00:00:00', '+76102545390', 0),
       (1, 'Ушакова Мария Артёмовна', '1987-09-08 00:00:00', '+78314454495', 1),
       (2, 'Ильин Арсений Тимофеевич', '1959-07-04 00:00:00', '+79632832017', 0),
       (3, 'Попова Полина Семёновна', '1981-05-31 00:00:00', '+76159953028', 3),
       (4, 'Михайлов Роман Евгеньевич', '2001-01-31 00:00:00', '+78389665087', 3),
       (5, 'Титова Анна Львовна', '2000-03-01 00:00:00', '+7617223938', 2),
       (6, 'Суслов Матвей Янович', '2012-02-02 00:00:00', '+73727552391', 2),
       (7, 'Орехов Даниил Алексеевич', '2020-06-20 00:00:00', '+7884861132', 1),
       (8, 'Исаев Степан Тимурович', '2015-05-25 00:00:00', '+71574120493', 0),
       (9, 'Шилова Ксения Максимовна', '1998-04-28 00:00:00', '+7780171360', 3);

insert into Visits (VisitId, HospitalId, PatientId, DoctorId, VisitTimestamp, VisitDuration, VisitComment)
values (0, 0, 0, 0, '2023-05-25 15:00:00', '30 minute', '-'),
       (1, 1, 1, 5, '2023-05-25 17:00:00', '1 hour 30 minute', 'цистит'),
       (2, 2, 8, 2, '2023-05-26 11:00:00', '20 minute', 'не видит правый глаз'),
       (3, 3, 3, 4, '2023-05-29 10:00:00', '50 minute', 'большая родинка'),
       (4, 2, 5, 1, '2023-06-01 14:00:00', '2 hour', 'консультация + массаж');

insert into Drugs (DrugName, DrugPrice)
values ('Ранитидин', 1345.41),
       ('Фамотидин', 768.89),
       ('Омепразол', 1111.55),
       ('Висмута трикалия дицитрат', 234.19),
       ('Платифиллин', 3456.89);

insert into Prescription (ValidityPeriod, StartTimestamp, DrugName, VisitId)
values ('7 day', '2023-05-25 15:00:00', 'Ранитидин', 0),
       ('21 day', '2023-05-25 17:00:00', 'Фамотидин', 1),
       ('3 day', '2023-05-26 11:00:00', 'Омепразол', 2),
       ('29 day', '2023-05-29 10:00:00', 'Платифиллин', 3),
       ('31 day', '2023-06-01 14:00:00', 'Висмута трикалия дицитрат', 4);